NumCells	NumGenes	Mean_nCount_RNA	Median_nCount_RNA	Mean_nFeature_RNA	Median_nFeature_RNA
14684	76883	469.888531925133	313	307.480652419911	236
14684	36639	821.851660798603	652	513.655530991566	442
13231	36639	821.802914926717	652	513.606812413003	442
13231	36505	820.772661279277	653	513.834899328859	443
13231	33995	817.420797176055	652	515.11489924989	444
