NumGenes	NumCells	Mean_nCount_RNA	Median_nCount_RNA	Mean_nFeature_RNA	Median_nFeature_RNA
14668	56259	660.72955438241	464	380.203558541744	308
14668	30018	1066.61496435472	837	588.91161969485	505
13178	30018	1066.55213538544	837	588.848857352255	504
13178	29769	1067.39846820518	841	590.539252242265	507
13178	27232	1070.36982226792	841	593.815768213866	509
