NumCells	NumGenes	Mean_nCount_RNA	Median_nCount_RNA	Mean_nFeature_RNA	Median_nFeature_RNA
14564	98506	417.686638377358	275	270.881367632428	206
14564	46521	725.935899916167	567	448.088863094087	381
13107	46521	725.8985404441	567	448.051589604695	381
13107	46231	728.363500681361	569	449.580606086825	382
13107	43646	724.768707327132	567	449.636805205517	382
