NumCells	NumGenes	Mean_nCount_RNA	Median_nCount_RNA	Mean_nFeature_RNA	Median_nFeature_RNA
9506	38306	161.639612593327	41.5	88.1820863572286	38
9506	1781	2271.08759124088	754	837.758562605278	511
8389	1781	2270.43290286356	754	837.128017967434	511
8389	1389	1637.9841612671	915	782.730021598272	572
8389	1365	1655.12380952381	925	788.941391941392	584
